CowID,Day,Label,F0Mean,F0Max,F0Min,F0Range,Q25,Q50,Q75,Fpeak,Sound Duration,AMVar,AMRate,Formant Dispersal,Wiener Entropy Mean,File
406,2000-07-15,Post-calving,193.16225397842183,297.94359717659904,71.0642575179082,226.87933965869084,-0.2669921815395355,-0.00014636975538451225,0.25701719522476196,31568,2.2291156462585033,292838620.0,22050.0,4116.195763106422,0.018665861,trial/406/July 15/Vocals/HFC_11.15_1.wav
406,2000-07-15,Post-calving,200.7524633428463,1095.0174996997887,66.84506495575603,1028.1724347440327,-0.2616611123085022,0.002160826697945595,0.2642984092235565,16149,1.9969160997732427,378450000.0,22050.0,4125.243497748026,0.01973591,trial/406/July 15/Vocals/HFC_11.15_2.wav
406,2000-07-15,Post-calving,195.5865921637743,538.7600729846115,71.03759049686224,467.7224824877493,-0.2140243835747242,-0.0023371512070298195,0.20750024542212486,25569,2.089795918367347,661895700.0,22049.999999999996,4137.859949557278,0.06447146,trial/406/July 15/Vocals/HFC_10.30_2.wav
406,2000-07-15,Post-calving,272.4553523583323,1840.9047138197227,74.7532571325754,1766.1514566871474,-0.24109649658203125,-0.003795528318732977,0.23429524526000023,39553,2.5309750566893423,223354670.0,22050.0,4206.571688096071,0.012130868,trial/406/July 15/Vocals/HFC_11.30_1.wav
406,2000-07-15,Post-calving,211.50331549434424,2205.0,69.98014283838474,2135.019857161615,-0.1752825863659382,-0.0014244099729694426,0.17726584896445274,24181,2.507755102040816,-161061260.0,22050.0,4273.349079261919,0.04240197,trial/406/July 15/Vocals/HFC_10.30.wav
406,2000-07-15,Post-calving,216.3007845992981,2024.0418945583094,72.04921986364933,1951.99267469466,-0.2647915259003639,7.122162423911504e-05,0.2614220678806305,35510,2.182675736961451,-1134064400.0,22050.0,4200.189959284024,0.017729817,trial/406/July 15/Vocals/HFC_11.00_2.wav
406,2000-07-15,Post-calving,233.33322979924142,2074.542891214944,74.82232041304725,1999.7205708018969,-0.2386060170829296,0.0024879671400412917,0.23905473947525024,20923,2.159455782312925,135676600.0,22050.0,4120.061683707305,0.07974136,trial/406/July 15/Vocals/HFC_10.45_2.wav
406,2000-07-15,Post-calving,258.59402662449156,2205.0,71.33419701123503,2133.665802988765,-0.24986578151583672,0.0011915764771401882,0.24526550248265266,31884,2.4380952380952383,-215982540.0,22049.999999999996,4136.330642721667,0.0764109,trial/406/July 15/Vocals/HFC_10.45.wav
406,2000-07-15,Post-calving,195.6477958054556,276.795087034055,68.88225831105835,207.9128287229966,-0.22628022357821465,0.002314653596840799,0.22868768498301506,18126,2.159455782312925,-235514130.0,22050.0,4177.330844839813,0.008868918,trial/406/July 15/Vocals/HFC_10.45_1.wav
406,2000-07-15,Post-calving,228.1475222558747,1998.7893558283336,76.71733529583102,1922.0720205325026,-0.23537276685237885,0.0007424761424772441,0.22682864218950272,17711,2.1130158730158732,872415170.0,22049.999999999996,4168.407609200949,0.021501368,trial/406/July 15/Vocals/HFC_11.00_1.wav
406,2000-07-15,Post-calving,212.06262508075238,1677.4407705316985,72.35700373628256,1605.0837667954158,-0.21401533484458923,-0.0030204354552552104,0.19551585242152214,24754,2.089795918367347,-1558657400.0,22049.999999999996,4226.120076397101,0.02164981,trial/406/July 15/Vocals/HFC_11.15.wav
406,2000-07-15,Post-calving,342.91805274874923,2205.0,73.85570536729139,2131.144294632709,-0.24972696974873543,-0.00329501589294523,0.24444346502423286,25970,1.9969160997732427,-721420300.0,22050.0,4167.577465083117,0.044464383,trial/406/July 15/Vocals/HFC_11.00.wav
406,2000-07-12,Pre-calving,244.34401353071797,993.7375247380227,72.6367258823408,921.1007988556819,-0.2080833800137043,0.0027215201407670975,0.22509382665157318,26167,1.9969160997732427,276472450.0,22050.0,4350.83100822158,0.004312924,trial/406/July 12/Vocals/HFC_11.15_1.wav
406,2000-07-12,Pre-calving,254.61859547995385,854.1234853288578,111.5152458086363,742.6082395202214,-0.3887770473957062,-0.006658574100583792,0.3288998678326607,15139,1.2770975056689342,-431064220.0,22050.0,4465.438869917723,0.003035865,trial/406/July 12/Vocals/HFC_11.15_2.wav
406,2000-07-12,Pre-calving,251.55912236417402,2205.0,80.18246389994596,2124.817536100054,-0.3635537922382355,-0.0003447737399255857,0.36081744730472565,28109,1.787936507936508,1797350500.0,22050.0,4505.006589850076,0.009951722,trial/406/July 12/Vocals/HFC_11.00_2.wav
406,2000-07-12,Pre-calving,193.9342405291177,1207.6857583367803,87.70873293225904,1119.9770254045213,-0.3446170464158058,0.0029402629006654024,0.30728136748075485,17091,1.2770975056689342,219538290.0,22050.0,4389.968597074777,0.016203504,trial/406/July 12/Vocals/HFC_11.00_1.wav
406,2000-07-12,Pre-calving,182.81401491446712,1693.524367781421,74.23405996891,1619.290307812511,-0.38867561519145966,-0.003582080244086683,0.38670358806848526,30814,2.136235827664399,-158054780.0,22050.000000000004,4329.558801557606,0.0073596244,trial/406/July 12/Vocals/HFC_11.15.wav
406,2000-07-12,Pre-calving,311.5873614833871,1877.8432206541718,222.69979817752443,1655.1434224766474,-0.3498563840985298,0.0008096693782135844,0.362920418381691,9457,0.905578231292517,-1163220400.0,22050.0,4444.183134507755,0.0027602208,trial/406/July 12/Vocals/HFC_11.00.wav
406,2000-07-14,Post-calving,240.94549838376128,1835.6775634013911,66.6121918094701,1769.0653715919211,-0.2650979235768318,-0.0013827614020556211,0.26139385998249054,29493,2.089795918367347,-1610612700.0,22049.999999999996,4117.291174804916,0.022057107,trial/406/July 14/Vocals/HFC_09.45.wav
406,2000-07-14,Post-calving,237.88584477065083,1733.8602952977794,73.7436484151846,1660.1166468825948,-0.22649551555514336,0.0007246544410008937,0.22567598894238472,32026,2.507755102040816,-613566800.0,22050.0,4173.589031289379,0.044486515,trial/406/July 14/Vocals/HFC_08.15.wav
406,2000-07-14,Post-calving,201.03403038152456,1707.698150617432,75.0492296046295,1632.6489210128025,-0.24153407290577888,-0.0011985452729277313,0.23804908245801926,26412,1.9736961451247166,-540047600.0,22050.0,4097.4889031586135,0.050342154,trial/406/July 14/Vocals/HFC_08.00_2.wav
406,2000-07-14,Post-calving,344.4546188136964,2205.0,70.8621031152615,2134.1378968847384,-0.19775667041540146,0.0011520335101522505,0.19493452832102776,17406,2.089795918367347,-710564400.0,22049.999999999996,4213.723398536497,0.05144485,trial/406/July 14/Vocals/HFC_08.45_2.wav
406,2000-07-14,Post-calving,269.55174122659105,1850.7535671841592,68.78380375552358,1781.9697634286356,-0.20794542133808136,-0.0005300533084664494,0.21131738647818565,23997,2.3219954648526078,212201900.0,22050.0,4168.960806014324,0.05953234,trial/406/July 14/Vocals/HFC_09.00_2.wav
406,2000-07-14,Post-calving,277.08495111961446,2028.0220995773582,69.63454515735816,1958.38755442,-0.21810492500662804,-0.0019140198128297925,0.20741915330290794,20707,1.9504761904761905,322122530.0,22050.0,4158.85538350217,0.031243807,trial/406/July 14/Vocals/HFC_09.45_2.wav
406,2000-07-14,Post-calving,533.7303089721842,1670.2617506557538,74.74001133118837,1595.5217393245655,-0.2638438120484352,-0.006702682003378868,0.24163345992565155,34152,2.089795918367347,1749081700.0,22049.999999999996,4217.751612092469,0.006650607,trial/406/July 14/Vocals/HFC_07.45.wav
406,2000-07-14,Post-calving,245.05589937802335,1890.6057673169432,69.42145447748,1821.1843128394632,-0.21754119917750359,-0.0025997692719101906,0.21710219606757164,26044,1.9736961451247166,163562820.0,22050.0,4253.985365697165,0.015111863,trial/406/July 14/Vocals/HFC_10.15_1.wav
406,2000-07-14,Post-calving,211.10306207388737,1464.1014147008682,71.16878436149919,1392.932630339369,-0.24028777703642845,-0.0009563845815137029,0.24293044954538345,25673,2.2987755102040817,-2530962700.0,22050.0,4115.626741240115,0.044381633,trial/406/July 14/Vocals/HFC_08.00.wav
406,2000-07-14,Post-calving,273.8938882281319,1824.653435058251,65.99260549470928,1758.6608295635417,-0.22094009071588516,-0.0007618459931109101,0.21554432809352875,26363,2.159455782312925,-518742750.0,22050.0,4220.016957574604,0.01913554,trial/406/July 14/Vocals/HFC_09.45_1.wav
406,2000-07-14,Post-calving,283.44330952035057,2044.29530893465,65.76108979934973,1978.5342191353002,-0.15526405721902847,-0.0026316287694498897,0.1567150093615055,22374,2.414875283446712,581610100.0,22050.0,4146.280689092008,0.053478565,trial/406/July 14/Vocals/HFC_09.00_1.wav
406,2000-07-14,Post-calving,280.50705572161064,2051.5046974870174,67.3294882103679,1984.1752092766496,-0.20736998319625854,0.0008085495501291007,0.20816496387124062,23300,2.716734693877551,-254823120.0,22050.0,4214.229845677921,0.07367365,trial/406/July 14/Vocals/HFC_08.45_1.wav
406,2000-07-14,Post-calving,266.90698006520364,1052.3798031779552,90.73264656485277,961.6471566131024,-0.22059881314635277,-0.0014249352971091866,0.21934721991419792,23171,1.811156462585034,-171622670.0,22050.0,4230.252191840056,0.044997826,trial/406/July 14/Vocals/HFC_08.00_1.wav
406,2000-07-14,Post-calving,473.68715157131004,1953.390623484703,70.06244078849045,1883.3281826962125,-0.22102325782179832,-0.0024219509214162827,0.21048227325081825,17332,1.7647165532879818,-138429820.0,22050.0,4252.2517931615275,0.018866943,trial/406/July 14/Vocals/HFC_07.30_2.wav
406,2000-07-14,Post-calving,281.4903454957712,2205.0,65.91982883069569,2139.0801711693043,-0.1826854944229126,-0.0018689311691559851,0.18048138171434402,24742,2.2058956916099772,229742050.0,22050.0,4235.042392694135,0.061598435,trial/406/July 14/Vocals/HFC_09.30.wav
406,2000-07-14,Post-calving,400.28272293601003,2205.0,71.49875194302892,2133.5012480569712,-0.34882480651140213,-0.004574535880237818,0.31694502383470535,22331,1.9040362811791383,-190063310.0,22050.0,4173.668890589029,0.020591324,trial/406/July 14/Vocals/HFC_07.30_1.wav
406,2000-07-14,Post-calving,362.2713513117311,2066.8502567306864,68.94964406001084,1997.9006126706756,-0.21120912581682205,0.004595376318320632,0.2444026842713356,21714,1.9040362811791383,236050480.0,22050.0,4234.906465846903,0.02523862,trial/406/July 14/Vocals/HFC_07.30.wav
406,2000-07-14,Post-calving,238.35331033692387,1728.6678714530394,69.33570796109737,1659.332163491942,-0.21284666284918785,-0.0006931830139365047,0.21885516867041588,25953,2.043356009070295,2779096600.0,22050.0,4191.329722787445,0.023558619,trial/406/July 14/Vocals/HFC_10.30_1.wav
406,2000-07-14,Post-calving,272.5592595736421,2077.271811949182,66.13167885488424,2011.1401330942977,-0.21609951183199883,-0.0015999386087059975,0.21183622255921364,26380,2.391655328798186,-531708670.0,22050.0,4190.627668193788,0.019537522,trial/406/July 14/Vocals/HFC_10.00.wav
406,2000-07-14,Post-calving,242.48902783506244,2205.0,68.339921818345,2136.660078181655,-0.2106771133840084,0.00028631160967051983,0.21076642349362373,25532,2.3219954648526078,291777660.0,22050.0,4230.219302185211,0.036657453,trial/406/July 14/Vocals/HFC_10.15.wav
406,2000-07-14,Post-calving,285.84734917025236,2205.0,68.20762341707878,2136.7923765829214,-0.18471327424049377,-0.002133562695235014,0.1780753880739212,24378,2.36843537414966,234521760.0,22050.0,4284.880123024806,0.070223585,trial/406/July 14/Vocals/HFC_08.45.wav
406,2000-07-14,Post-calving,295.53440508198867,1818.1810372309524,71.36611650557403,1746.8149207253784,-0.2014760747551918,-0.00446394132450223,0.19954806938767433,24324,2.1130158730158732,254454400.0,22049.999999999996,4236.876052573568,0.051114105,trial/406/July 14/Vocals/HFC_09.30_2.wav
406,2000-07-14,Post-calving,256.6579880730396,2205.0,70.88294777397545,2134.1170522260245,-0.266881987452507,-0.001948240038473159,0.266912579536438,20456,2.48453514739229,-195391790.0,22050.0,4075.0451863099356,0.081044205,trial/406/July 14/Vocals/HFC_08.30_2.wav
406,2000-07-14,Post-calving,246.25071552478218,2205.0,80.42291157229226,2124.5770884277076,-0.2640821188688278,0.002089992514811456,0.2650108262896538,15176,2.2755555555555556,-394107500.0,22050.0,4172.471043403896,0.07841074,trial/406/July 14/Vocals/HFC_08.30_1.wav
406,2000-07-14,Post-calving,264.65847333381964,1687.8984484952916,65.45930721934936,1622.4391412759423,-0.2048986330628395,-0.003260876634158194,0.20290818810462952,14957,2.507755102040816,226492420.0,22050.0,4286.3253090664175,0.07156292,trial/406/July 14/Vocals/HFC_09.30_1.wav
406,2000-07-14,Post-calving,245.80614014288744,923.3314188570065,68.14888071473969,855.1825381422668,-0.18328213691711426,-0.0007022437639534473,0.18000523000955582,20214,2.2755555555555556,-84181350000.0,22050.0,4166.1034823567425,0.052159593,trial/406/July 14/Vocals/HFC_09.00.wav
406,2000-07-14,Post-calving,291.9948260965116,2205.0,72.41782797555953,2132.5821720244403,-0.23180508986115456,-0.0005825278058182448,0.2215576134622097,27649,2.2987755102040817,493273500.0,22050.0,4167.233796043814,0.07106838,trial/406/July 14/Vocals/HFC_09.15.wav
406,2000-07-14,Post-calving,292.32500139441197,1839.5687556878238,71.92300061895182,1767.645755068872,-0.23873112350702286,-0.0030149638187140226,0.2308560386300087,26836,2.2755555555555556,-298092600.0,22050.0,4176.564873519904,0.03160947,trial/406/July 14/Vocals/HFC_10.00_2.wav
406,2000-07-14,Post-calving,286.3328551825294,1594.7703360814223,74.2528375288827,1520.5174985525396,-0.22179894149303436,0.0004414629947859794,0.22358330339193344,30439,2.995374149659864,252919060.0,22050.0,4185.529531832669,0.049552917,trial/406/July 14/Vocals/HFC_08.15_1.wav
406,2000-07-14,Post-calving,308.7274160387947,1716.6452879687586,71.07816411777556,1645.567123850983,-0.1977131851017475,-0.0015045974287204444,0.19430235773324966,23555,2.020136054421769,-759475900.0,22050.0,4192.592858430792,0.056875635,trial/406/July 14/Vocals/HFC_09.15_1.wav
406,2000-07-14,Post-calving,229.21879685676387,1472.4717545818698,70.54041552172093,1401.931339060149,-0.22520780935883522,-0.0001914416570798494,0.2220883145928383,25003,1.9272562358276644,377629540.0,22050.0,4241.487100978046,0.01575172,trial/406/July 14/Vocals/HFC_10.00_1.wav
406,2000-07-14,Post-calving,230.2913273012446,1838.3128958847526,68.1763624548699,1770.1365334298828,-0.22902335599064827,0.0005287551612127572,0.2242344431579113,19368,2.2523356009070294,-494788380.0,22050.0,4217.030454650014,0.05559514,trial/406/July 14/Vocals/HFC_08.30.wav
406,2000-07-14,Post-calving,276.9247417124859,1726.3080390336868,69.29062136665874,1657.017417667028,-0.16423558443784714,-0.00013359526201384142,0.16280196234583855,21403,2.36843537414966,176897500.0,22050.0,4259.944771099722,0.04564869,trial/406/July 14/Vocals/HFC_09.15_2.wav
406,2000-07-14,Post-calving,256.2804273860001,1963.4266664808697,79.04228631392651,1884.3843801669432,-0.2484114095568657,0.0010249410406686366,0.25294701755046844,17615,2.3219954648526078,232915780.0,22050.0,4223.8348214886055,0.026801933,trial/406/July 14/Vocals/HFC_08.15_2.wav
406,2000-07-14,Post-calving,349.91652299308777,1530.260488175878,65.88374000634865,1464.3767481695293,-0.20449446141719818,-0.00047061759687494487,0.20773021131753922,17526,2.089795918367347,-252975820.0,22049.999999999996,4162.794739759058,0.03612265,trial/406/July 14/Vocals/HFC_07.45_2.wav
406,2000-07-14,Post-calving,286.2981188857834,2023.848427534009,71.26704816225262,1952.5813793717564,-0.21194877475500107,0.0010830050450749695,0.21827450022101402,19627,2.2058956916099772,2060716500.0,22050.0,4198.92708840501,0.051834922,trial/406/July 14/Vocals/HFC_07.45_1.wav
406,2000-07-11,Pre-calving,227.67744539991457,1243.205308185628,65.73710841881919,1177.4681997668088,-0.27552688866853714,0.007782238302752376,0.27086519449949265,22202,1.555736961451247,-1073741800.0,22050.0,4181.544366552696,0.013622098,trial/406/July 11/Vocals/HFC_10.15_1.wav
406,2000-07-11,Pre-calving,285.14633724623184,1209.6569449122467,82.2963438372028,1127.3606010750439,-0.26592055708169937,0.005387993063777685,0.2504521682858467,13921,1.0913378684807256,-400522720.0,22050.0,4373.817743224343,0.007413125,trial/406/July 11/Vocals/HFC_10.15_2.wav
406,2000-07-11,Pre-calving,168.10712458663153,625.4738042798623,69.97278897239865,555.5010153074636,-0.2871398702263832,0.00400576158426702,0.29380858689546585,21930,1.486077097505669,340195420.0,22050.0,4352.708658580228,0.0038164246,trial/406/July 11/Vocals/HFC_10.30_2.wav
406,2000-07-11,Pre-calving,253.0880619414187,501.8977233142294,69.99773434910259,431.8999889651268,-0.35437575727701187,0.005285801133140922,0.3656493350863457,6985,0.6501587301587302,-255870380.0,22050.0,4326.423972026909,0.0042324928,trial/406/July 11/Vocals/HFC_10.30_1.wav
406,2000-07-11,Pre-calving,295.02580127763156,2205.0,84.61725525503482,2120.3827447449653,-0.35107702761888504,0.006196784321218729,0.41591405868530273,22943,1.555736961451247,-1563928300.0,22050.0,4386.322417325122,0.0048584603,trial/406/July 11/Vocals/HFC_10.00.wav
406,2000-07-11,Pre-calving,189.4733932157895,1175.605493970953,68.24757653129704,1107.357917439656,-0.3194080516695976,-0.0003494952543405816,0.3378993794322014,27015,1.6021768707482993,-420955600.0,22050.0,4380.140354476326,0.0066523696,trial/406/July 11/Vocals/HFC_10.15.wav
406,2000-07-11,Pre-calving,332.86714455410106,2205.0,117.24547213462785,2087.754527865372,-0.30709733814001083,0.016189654357731342,0.4152723476290703,9877,0.8126984126984127,1670265100.0,22050.0,4484.372386386682,0.0031985692,trial/406/July 11/Vocals/HFC_10.30.wav
406,2000-07-11,Pre-calving,191.75585250396418,1599.6629219160177,77.41671045296312,1522.2462114630546,-0.31177128106355667,0.0013694743975065649,0.3188813403248787,25945,1.486077097505669,-198898620.0,22050.0,4267.7074163337575,0.012305622,trial/406/July 11/Vocals/HFC_10.45_2.wav
406,2000-07-11,Pre-calving,161.02663085920906,287.80442643745283,66.63422621350206,221.17020022395076,-0.3157537132501602,0.0013437053421512246,0.30875547230243683,16151,1.3699773242630386,-856091400.0,22050.0,4368.5925496337095,0.01559088,trial/406/July 11/Vocals/HFC_10.00_2.wav
406,2000-07-11,Pre-calving,265.67251797625505,2205.0,73.64554383653345,2131.3544561634667,-0.3010857477784157,-0.0016171270981431007,0.28155892342329025,21551,1.6718367346938776,-386547100.0,22050.0,4456.161278910826,0.0069566313,trial/406/July 11/Vocals/HFC_10.45.wav
406,2000-07-11,Pre-calving,171.29502740460802,605.6976746764396,67.07498300075775,538.6226916756818,-0.228987704962492,0.0015833882498554885,0.2289385050535202,31037,1.9272562358276644,5570035700.0,22050.0,4095.2247907976175,0.0052813385,trial/406/July 11/Vocals/HFC_10.00_1.wav
406,2000-07-11,Pre-calving,258.3348025408091,2205.0,74.81680843311298,2130.183191566887,-0.2372027449309826,0.005265117157250643,0.24688416719436646,19841,1.8575963718820863,-160259980.0,22050.0,4504.611603187153,0.0078110057,trial/406/July 11/Vocals/HFC_10.45_1.wav
406,2000-07-16,Post-calving,201.03403038152456,1707.698150617432,75.0492296046295,1632.6489210128025,-0.24153407290577888,-0.0011985452729277313,0.23804908245801926,26412,1.9736961451247166,-540047600.0,22050.0,4097.4889031586135,0.050342154,trial/406/July 16/Vocals/HFC_08.00_2.wav
406,2000-07-16,Post-calving,344.4546188136964,2205.0,70.8621031152615,2134.1378968847384,-0.19775667041540146,0.0011520335101522505,0.19493452832102776,17406,2.089795918367347,-710564400.0,22049.999999999996,4213.723398536497,0.05144485,trial/406/July 16/Vocals/HFC_08.45_2.wav
406,2000-07-16,Post-calving,211.10306207388737,1464.1014147008682,71.16878436149919,1392.932630339369,-0.24028777703642845,-0.0009563845815137029,0.24293044954538345,25673,2.2987755102040817,-2530962700.0,22050.0,4115.626741240115,0.044381633,trial/406/July 16/Vocals/HFC_08.00.wav
406,2000-07-16,Post-calving,280.50705572161064,2051.5046974870174,67.3294882103679,1984.1752092766496,-0.20736998319625854,0.0008085495501291007,0.20816496387124062,23300,2.716734693877551,-254823120.0,22050.0,4214.229845677921,0.07367365,trial/406/July 16/Vocals/HFC_08.45_1.wav
406,2000-07-16,Post-calving,266.90698006520364,1052.3798031779552,90.73264656485277,961.6471566131024,-0.22059881314635277,-0.0014249352971091866,0.21934721991419792,23171,1.811156462585034,-171622670.0,22050.0,4230.252191840056,0.044997826,trial/406/July 16/Vocals/HFC_08.00_1.wav
406,2000-07-16,Post-calving,256.6579880730396,2205.0,70.88294777397545,2134.1170522260245,-0.266881987452507,-0.001948240038473159,0.266912579536438,20456,2.48453514739229,-195391790.0,22050.0,4075.0451863099356,0.081044205,trial/406/July 16/Vocals/HFC_08.30_2.wav
406,2000-07-16,Post-calving,246.25071552478218,2205.0,80.42291157229226,2124.5770884277076,-0.2640821188688278,0.002089992514811456,0.2650108262896538,15176,2.2755555555555556,-394107500.0,22050.0,4172.471043403896,0.07841074,trial/406/July 16/Vocals/HFC_08.30_1.wav
406,2000-07-16,Post-calving,286.3328551825294,1594.7703360814223,74.2528375288827,1520.5174985525396,-0.22179894149303436,0.0004414629947859794,0.22358330339193344,30439,2.995374149659864,252919060.0,22050.0,4185.529531832669,0.049552917,trial/406/July 16/Vocals/HFC_08.15_1.wav
406,2000-07-16,Post-calving,230.2913273012446,1838.3128958847526,68.1763624548699,1770.1365334298828,-0.22902335599064827,0.0005287551612127572,0.2242344431579113,19368,2.2523356009070294,-494788380.0,22050.0,4217.030454650014,0.05559514,trial/406/July 16/Vocals/HFC_08.30.wav
406,2000-07-16,Post-calving,256.2804273860001,1963.4266664808697,79.04228631392651,1884.3843801669432,-0.2484114095568657,0.0010249410406686366,0.25294701755046844,17615,2.3219954648526078,232915780.0,22050.0,4223.8348214886055,0.026801933,trial/406/July 16/Vocals/HFC_08.15_2.wav
406,2000-07-17,Post-calving,245.05589937802335,1890.6057673169432,69.42145447748,1821.1843128394632,-0.21754119917750359,-0.0025997692719101906,0.21710219606757164,26044,1.9736961451247166,163562820.0,22050.0,4253.985365697165,0.015111863,trial/406/July 17/Vocals/HFC_10.15_1.wav
406,2000-07-17,Post-calving,195.5865921637743,538.7600729846115,71.03759049686224,467.7224824877493,-0.2140243835747242,-0.0023371512070298195,0.20750024542212486,25569,2.089795918367347,661895700.0,22049.999999999996,4137.859949557278,0.06447146,trial/406/July 17/Vocals/HFC_10.30_2.wav
406,2000-07-17,Post-calving,272.5592595736421,2077.271811949182,66.13167885488424,2011.1401330942977,-0.21609951183199883,-0.0015999386087059975,0.21183622255921364,26380,2.391655328798186,-531708670.0,22050.0,4190.627668193788,0.019537522,trial/406/July 17/Vocals/HFC_10.00.wav
406,2000-07-17,Post-calving,211.50331549434424,2205.0,69.98014283838474,2135.019857161615,-0.1752825863659382,-0.0014244099729694426,0.17726584896445274,24181,2.507755102040816,-161061260.0,22050.0,4273.349079261919,0.04240197,trial/406/July 17/Vocals/HFC_10.30.wav
406,2000-07-17,Post-calving,233.33322979924142,2074.542891214944,74.82232041304725,1999.7205708018969,-0.2386060170829296,0.0024879671400412917,0.23905473947525024,20923,2.159455782312925,135676600.0,22050.0,4120.061683707305,0.07974136,trial/406/July 17/Vocals/HFC_10.45_2.wav
406,2000-07-17,Post-calving,292.32500139441197,1839.5687556878238,71.92300061895182,1767.645755068872,-0.23873112350702286,-0.0030149638187140226,0.2308560386300087,26836,2.2755555555555556,-298092600.0,22050.0,4176.564873519904,0.03160947,trial/406/July 17/Vocals/HFC_10.00_2.wav
406,2000-07-17,Post-calving,229.21879685676387,1472.4717545818698,70.54041552172093,1401.931339060149,-0.22520780935883522,-0.0001914416570798494,0.2220883145928383,25003,1.9272562358276644,377629540.0,22050.0,4241.487100978046,0.01575172,trial/406/July 17/Vocals/HFC_10.00_1.wav
406,2000-07-17,Post-calving,195.6477958054556,276.795087034055,68.88225831105835,207.9128287229966,-0.22628022357821465,0.002314653596840799,0.22868768498301506,18126,2.159455782312925,-235514130.0,22050.0,4177.330844839813,0.008868918,trial/406/July 17/Vocals/HFC_10.45_1.wav
406,2000-07-10,Pre-calving,214.2996271540387,497.75035121492004,78.60797778094195,419.1423734339781,-0.4735912159085274,-0.019061374478042126,0.47564493119716644,0,0.626938775510204,1811939300.0,22050.0,4386.0072341574105,0.031368006,trial/406/July 10/Vocals/HFC_09.45.wav
406,2000-07-10,Pre-calving,226.57504301293332,1932.3845415010926,65.23668639053254,1867.1478551105602,-0.3844362199306488,-0.0008009390439838171,0.3900044336915016,26989,1.5325170068027212,103682456.0,22050.0,4226.7227835727645,0.011999355,trial/406/July 10/Vocals/HFC_08.15.wav
406,2000-07-10,Pre-calving,240.2828509130036,351.02627199288,73.0904026897131,277.9358693031669,-0.32977788895368576,-0.0017575608799234033,0.32850147783756256,23255,1.3931972789115645,-2629571800.0,22050.0,4325.952102460878,0.010391449,trial/406/July 10/Vocals/HFC_08.00_2.wav
406,2000-07-10,Pre-calving,209.38194130925166,1113.6139418121907,67.99165938340295,1045.6222824287877,-0.34480082988739014,-0.004700130317360163,0.3234402537345886,22137,1.3235374149659864,283348500.0,22050.0,4152.1701099911625,0.00519476,trial/406/July 10/Vocals/HFC_08.45_2.wav
406,2000-07-10,Pre-calving,274.7142285294013,728.3144904354107,66.87375599421476,661.4407344411959,-0.3871081694960594,-0.002546316129155457,0.36144033819437027,12627,1.2770975056689342,-211669540.0,22050.0,4435.098305616547,0.0050716586,trial/406/July 10/Vocals/HFC_09.00_2.wav
406,2000-07-10,Pre-calving,205.62069697839578,441.2969122245282,82.58762228442394,358.70928994010427,-0.3816615864634514,-0.007587434956803918,0.3545215502381325,24345,1.253877551020408,178956980.0,22050.0,4400.440669802325,0.00430828,trial/406/July 10/Vocals/HFC_09.45_2.wav
406,2000-07-10,Pre-calving,151.35219368530895,333.9732901190077,65.23668639053254,268.73660372847513,-0.3331219032406807,-0.006645595422014594,0.33607880771160126,8845,0.8359183673469388,353010980.0,22050.0,4213.472087793196,0.025808763,trial/406/July 10/Vocals/HFC_08.00.wav
406,2000-07-10,Pre-calving,235.26082285850407,581.20532141825,68.570239159697,512.635082258553,-0.5162351429462433,-0.002131509012542665,0.5264670997858047,21109,1.509297052154195,-133447830.0,22050.0,4181.366054047254,0.014576539,trial/406/July 10/Vocals/HFC_09.45_1.wav
406,2000-07-10,Pre-calving,241.0522337541361,597.7988695916855,71.6164560062771,526.1824135854084,-0.5434588491916656,-0.006590675795450807,0.5424373149871826,9216,0.8359183673469388,-471398850.0,22050.0,4304.220839228482,0.02562951,trial/406/July 10/Vocals/HFC_09.00_1.wav
406,2000-07-10,Pre-calving,259.34610131326025,346.91252160768937,67.28454359213087,279.6279780155585,-0.399611733853817,0.006865361239761114,0.3919263258576393,19149,1.3699773242630386,-290599840.0,22050.0,4498.258353346445,0.012035065,trial/406/July 10/Vocals/HFC_08.45_1.wav
406,2000-07-10,Pre-calving,209.27381381894787,1210.1281367808929,82.69162129300537,1127.4365154878874,-0.3639422655105591,0.003398374537937343,0.3272358551621437,25238,1.7182766439909296,108845060.0,22050.0,4180.71075417619,0.00478573,trial/406/July 10/Vocals/HFC_08.00_1.wav
406,2000-07-10,Pre-calving,279.204816489342,2014.639275165371,71.41505744302616,1943.2242177223447,-0.4257781431078911,0.0015590616967529058,0.44389282166957855,8592,0.8359183673469388,-163791140.0,22050.0,4347.447472870077,0.006504617,trial/406/July 10/Vocals/HFC_09.30.wav
406,2000-07-10,Pre-calving,240.73761674144976,2205.0,65.8323969168111,2139.167603083189,-0.32953977584838867,0.0063342375215142965,0.317367747426033,19168,1.3003174603174603,-91941210.0,22050.0,4364.381376620444,0.0072654667,trial/406/July 10/Vocals/HFC_08.45.wav
406,2000-07-10,Pre-calving,222.97667893944345,2205.0,76.32027903485012,2128.67972096515,-0.3977416381239891,0.006927631562575698,0.40989967435598373,24767,1.4164172335600906,112154536.0,22050.0,4393.108859642375,0.0026527788,trial/406/July 10/Vocals/HFC_09.30_2.wav
406,2000-07-10,Pre-calving,246.338217320981,615.7866767933842,92.07404195314766,523.7126348402365,-0.4716539531946182,-0.003275863593444228,0.4358169957995415,10850,1.0681179138321995,80443200.0,22050.000000000004,4390.4885490740235,0.008426745,trial/406/July 10/Vocals/HFC_08.30_2.wav
406,2000-07-10,Pre-calving,301.6658277018729,2020.6508372334602,82.83868178908742,1937.8121554443728,-0.5228656083345413,0.0007964025426190346,0.525064006447792,13846,1.0681179138321995,3087007700.0,22050.000000000004,4445.4474553153495,0.0149975605,trial/406/July 10/Vocals/HFC_08.30_1.wav
406,2000-07-10,Pre-calving,243.63842409893078,1707.4081737330946,83.09922221577412,1624.3089515173206,-0.47936028242111206,-0.005205532303079963,0.4140799269080162,15310,1.486077097505669,102261120.0,22050.0,4410.859697867261,0.008250827,trial/406/July 10/Vocals/HFC_09.30_1.wav
406,2000-07-10,Pre-calving,285.44824919409325,2205.0,77.87777337728825,2127.122226622712,-0.2852383032441139,-6.323959132714663e-05,0.29961518943309784,11901,1.0681179138321995,-155321140.0,22050.000000000004,4520.153788753985,0.013123059,trial/406/July 10/Vocals/HFC_09.00.wav
406,2000-07-10,Pre-calving,221.28941039677386,353.23428353871196,66.10013288613106,287.1341506525809,-0.29274584352970123,-0.00022133648599265143,0.2966712862253189,11737,1.0216780045351475,-787410700.0,22050.0,4381.038131852398,0.0159366,trial/406/July 10/Vocals/HFC_09.15.wav
406,2000-07-10,Pre-calving,221.3516998032902,428.2368880894815,76.91012120365001,351.3267668858315,-0.35852403193712234,-0.004106344189494848,0.3539781793951988,16776,1.253877551020408,233210900.0,22050.0,4176.457888857703,0.01651379,trial/406/July 10/Vocals/HFC_08.15_1.wav
406,2000-07-10,Pre-calving,260.07702009877653,857.803339160922,93.56066392188488,764.2426752390371,-0.2674388512969017,-0.0015884857275523245,0.2750072777271271,9838,0.9520181405895691,157226500.0,22050.0,4528.584348927106,0.01214741,trial/406/July 10/Vocals/HFC_09.15_1.wav
406,2000-07-10,Pre-calving,290.0435643726338,1355.0240496452816,83.20500171774914,1271.8190479275324,-0.36935047060251236,-0.0015485037583857775,0.3682577535510063,11774,1.1377777777777778,-1143768400.0,22050.0,4413.87443329007,0.004217743,trial/406/July 10/Vocals/HFC_08.30.wav
406,2000-07-10,Pre-calving,234.48983983127826,306.50406961193755,65.23668639053254,241.267383221405,-0.37043095380067825,-0.014875815249979496,0.24702412635087967,6722,0.7198185941043084,-97899990.0,22050.0,4486.707236067648,0.02149664,trial/406/July 10/Vocals/HFC_09.15_2.wav
406,2000-07-10,Pre-calving,284.0457117483716,1712.1269481743605,65.23668639053254,1646.890261783828,-0.39799341559410095,-0.0032440106151625514,0.4013676345348358,14304,1.1609977324263039,-72746740.0,22050.0,4207.657093625003,0.01169745,trial/406/July 10/Vocals/HFC_08.15_2.wav
207,2000-07-15,Post-calving,338.5738755203909,1775.1991424147768,67.72452044823365,1707.474621966543,-0.37808892875909805,-0.002084180945530534,0.3858395367860794,17762,1.1609977324263039,-688296000.0,22050.0,4393.46487195366,0.019328766,trial/207/July 15/Vocals/HFC_11_10.wav
207,2000-07-15,Post-calving,209.27308887198132,1127.9950019325245,65.23668639053254,1062.758315541992,-0.35618530958890915,-0.0005146638141013682,0.3763640969991684,11865,1.1145578231292517,-189483860.0,22050.0,4373.771841199727,0.01745504,trial/207/July 15/Vocals/HFC_10_50.wav
207,2000-07-15,Post-calving,240.92240894177561,2205.0,74.03028614981137,2130.969713850189,-0.3758920505642891,-0.005646311212331057,0.3489339053630829,17005,1.1145578231292517,146419340.0,22050.0,4298.36040811644,0.017108638,trial/207/July 15/Vocals/HFC_11_30.wav
207,2000-07-12,Calving,226.60464610240783,299.4382592430366,73.27455370477452,226.1637055382621,-0.5971654206514359,-0.002747427555732429,0.5686678886413574,32469,1.7647165532879818,-153391700.0,22050.0,4448.403416986839,0.009019742,trial/207/July 12/Vocals/HFC_09.45.wav
207,2000-07-12,Calving,286.9031029973111,737.5539256386467,78.49314641708382,659.0607792215628,-0.6207469403743744,0.003571696113795042,0.6219589114189148,28306,1.6950566893424037,-227858000.0,22050.0,4532.23826883178,0.00869036,trial/207/July 12/Vocals/HFC_08.15.wav
207,2000-07-12,Calving,225.37668065828427,264.80334681208035,76.99152632043246,187.8118204916479,-0.5249698013067245,-0.018444734625518322,0.5390766113996506,22672,1.207437641723356,-124630744.0,22050.0,4412.122141260619,0.016768707,trial/207/July 12/Vocals/HFC_08.00_2.wav
207,2000-07-12,Calving,278.20442268385875,691.7508987259927,71.12241513748017,620.6284835885125,-0.5515695363283157,-0.0052793873474001884,0.553773432970047,38751,1.9969160997732427,153902990.0,22050.0,4469.013198574456,0.0077446946,trial/207/July 12/Vocals/HFC_08.45_2.wav
207,2000-07-12,Calving,223.25657834416813,2030.8202467487943,70.12581277056849,1960.6944339782258,-0.40731238573789597,0.003058762405999005,0.421037420630455,16842,1.486077097505669,-592409300.0,22050.0,4398.2897558484965,0.020267872,trial/207/July 12/Vocals/HFC_09.00_2.wav
207,2000-07-12,Calving,251.56746174807446,989.8017683930375,198.64466085642405,791.1571075366135,-0.5322347581386566,0.010828904341906309,0.5312099754810333,33955,1.9040362811791383,2445745000.0,22050.0,4418.281003010603,0.008940851,trial/207/July 12/Vocals/HFC_09.45_2.wav
207,2000-07-12,Calving,253.1355922934587,1122.3821915667688,103.29346560051496,1019.0887259662538,-0.5270432382822037,-0.013026192784309387,0.510530635714531,35888,2.136235827664399,837154600.0,22050.000000000004,4542.476005573641,0.010074187,trial/207/July 12/Vocals/HFC_07.45.wav
207,2000-07-12,Calving,250.49662664684936,1556.2180649582194,81.47082518403013,1474.7472397741892,-0.5162258297204971,-0.0005873158515896648,0.4901558458805084,23092,1.4164172335600906,-334174720.0,22050.0,4294.302171337382,0.0046307663,trial/207/July 12/Vocals/HFC_10.15_1.wav
207,2000-07-12,Calving,243.58608324680444,1230.3177482417939,75.68028844308726,1154.6374597987067,-0.5535062104463577,-0.007689478108659387,0.5665423274040222,15374,1.4164172335600906,-165399630.0,22050.0,4485.268471053721,0.0065913554,trial/207/July 12/Vocals/HFC_08.00.wav
207,2000-07-12,Calving,218.6074973647782,401.9689458298443,72.06939578982698,329.8995500400173,-0.506004199385643,0.000550638185814023,0.5474123060703278,22557,1.2770975056689342,93442730.0,22050.0,4306.16459897433,0.013067209,trial/207/July 12/Vocals/HFC_09.45_1.wav
207,2000-07-12,Calving,290.9928406361979,787.8219795125483,74.24527204794273,713.5767074646055,-0.619915097951889,-0.02218335773795843,0.5751936584711075,20892,1.6950566893424037,-2177309400.0,22050.0,4372.743782268922,0.0025199049,trial/207/July 12/Vocals/HFC_09.00_1.wav
207,2000-07-12,Calving,259.3463682377279,725.4085936106028,94.91724987575468,630.4913437348481,-0.49364130198955536,-0.003961645532399416,0.5283845961093903,34965,1.8343764172335602,96392730.0,22050.0,4460.311785605752,0.012149258,trial/207/July 12/Vocals/HFC_08.45_1.wav
207,2000-07-12,Calving,295.99868292001855,362.93722858413906,238.27454062479623,124.66268795934283,-0.5468159914016724,0.003176361322402954,0.5528744459152222,26645,1.8343764172335602,3534400300.0,22050.0,4477.042765167845,0.004184691,trial/207/July 12/Vocals/HFC_08.00_1.wav
207,2000-07-12,Calving,265.90710115768377,482.0539036170788,118.8774814500557,363.1764221670231,-0.5448220819234848,0.0077724510338157415,0.548063263297081,29302,1.6253968253968254,93484984.0,22050.0,4382.307185586119,0.006447651,trial/207/July 12/Vocals/HFC_10.15_2.wav
207,2000-07-12,Calving,230.2259289827536,289.45051044837385,70.86006272913225,218.59044771924158,-0.5719070136547089,-0.05327457934617996,0.5128636062145233,22649,1.9272562358276644,-90661820.0,22050.0,4328.336560251639,0.012882476,trial/207/July 12/Vocals/HFC_09.30.wav
207,2000-07-12,Calving,150.4051509248069,367.6722127062236,67.09598737994679,300.5762253262768,-0.5765781551599503,-0.007652816129848361,0.5551824569702148,14561,1.3699773242630386,-268435460.0,22050.0,4297.323234712492,0.022407012,trial/207/July 12/Vocals/HFC_10.00.wav
207,2000-07-12,Calving,232.24394786689248,424.1679368323016,198.18533089472857,225.98260593757306,-0.41167423874139786,-0.0325500164180994,0.36617305129766464,6237,0.603718820861678,-234599060.0,22050.0,4316.525731092633,0.0090561565,trial/207/July 12/Vocals/HFC_08.45.wav
207,2000-07-12,Calving,246.5221327092539,303.38695012269113,71.95268583147015,231.43426429122098,-0.5271158814430237,0.003947856370359659,0.5253914296627045,30923,1.7414965986394557,324720320.0,22050.0,4453.362151774905,0.012455075,trial/207/July 12/Vocals/HFC_09.30_2.wav
207,2000-07-12,Calving,282.49221190199523,2018.7554509024585,72.8285807220582,1945.9268701804003,-0.62537781894207,-0.003463436965830624,0.5919497907161713,15292,1.6486167800453515,113784584.0,22050.0,4493.322349156301,0.0025622523,trial/207/July 12/Vocals/HFC_08.30_2.wav
207,2000-07-12,Calving,205.98774464642395,441.1709398329942,65.86839187998855,375.3025479530056,-0.41537395864725113,0.0051424624398350716,0.43045351654291153,18040,1.6486167800453515,-137114510.0,22050.0,4370.6429244996825,0.011948336,trial/207/July 12/Vocals/HFC_08.30_1.wav
207,2000-07-12,Calving,220.97953928465807,540.2974781508186,73.13822829281177,467.15924985800683,-0.5934390127658844,-0.016116893850266933,0.5852062851190567,32755,1.787936507936508,-688984300.0,22050.0,4448.217476708923,0.015325461,trial/207/July 12/Vocals/HFC_09.30_1.wav
207,2000-07-12,Calving,194.45425779139197,315.678041326108,74.92224894206232,240.75579238404566,-0.43383321911096573,0.008967722300440073,0.47276776283979416,21160,1.3699773242630386,395942300.0,22050.0,4289.756824296155,0.02434931,trial/207/July 12/Vocals/HFC_09.00.wav
207,2000-07-12,Calving,250.45084026257763,494.5534673532687,116.17334884406588,378.3801185092028,-0.5038952976465225,0.0001967049902305007,0.5294104069471359,24222,1.3699773242630386,67682450.0,22050.0,4398.71426839061,0.007895461,trial/207/July 12/Vocals/HFC_09.15.wav
207,2000-07-12,Calving,173.4111287434344,1389.5594643856593,65.23668639053254,1324.322777995127,-0.5537249147891998,-0.0035082907415926456,0.5571082532405853,30819,1.6486167800453515,-70588580.0,22050.0,4350.4487895280545,0.008994825,trial/207/July 12/Vocals/HFC_10.00_2.wav
207,2000-07-12,Calving,287.9357376034413,607.5907528444493,69.90150125543276,537.6892515890165,-0.5998043864965439,-0.02316813450306654,0.5690400153398514,24800,1.4164172335600906,-156320400.0,22050.0,4346.8755049473275,0.0156096155,trial/207/July 12/Vocals/HFC_08.15_1.wav
207,2000-07-12,Calving,239.266959480697,1983.8766099073468,71.19810431911415,1912.6785055882326,-0.3825114071369171,0.010555158834904432,0.4118758291006088,17698,1.4164172335600906,-255852560.0,22050.0,4346.966451848363,0.007904597,trial/207/July 12/Vocals/HFC_09.15_1.wav
207,2000-07-12,Calving,268.50450601409756,2205.0,75.7795642045445,2129.2204357954556,-0.5708003044128418,-0.005584119586274028,0.5777479559183121,16188,1.5789569160997732,304226800.0,22050.0,4407.476302580403,0.0026963267,trial/207/July 12/Vocals/HFC_10.00_1.wav
207,2000-07-12,Calving,277.2441088960542,1511.5195308955037,119.36080244393213,1392.1587284515717,-0.5673431903123856,-0.02046136185526848,0.5221399962902069,31461,1.6718367346938776,-324829500.0,22050.0,4507.802061881702,0.0062370393,trial/207/July 12/Vocals/HFC_08.30.wav
207,2000-07-12,Calving,278.8719837647873,1483.18291221211,174.9671560985521,1308.215756113558,-0.49500542134046555,0.004941495601087809,0.5246900767087936,25948,1.555736961451247,98279650.0,22050.0,4426.582726911254,0.006335057,trial/207/July 12/Vocals/HFC_09.15_2.wav
207,2000-07-12,Calving,274.9234317453263,1968.7496148088085,66.07741805074558,1902.672196758063,-0.44114992767572403,-0.0046229802537709475,0.4485190063714981,29463,1.7647165532879818,-117925410.0,22050.0,4454.372974657394,0.01494351,trial/207/July 12/Vocals/HFC_08.15_2.wav
207,2000-07-13,Post-calving,234.13893457649127,679.297111414934,70.48319800869497,608.813913406239,-0.21050706878304482,0.0012607675162144005,0.21039757132530212,28353,1.9736961451247166,470453900.0,22050.0,4269.9084123182165,0.02725258,"trial/207/July 13/Vocals/HFC_7,50.wav"
207,2000-07-13,Post-calving,303.8667842864826,2205.0,65.23668639053254,2139.7633136094673,-0.25840113312005997,0.0009962840704247355,0.25866421312093735,16205,1.6950566893424037,-349924800.0,22050.0,4085.2000784911206,0.033344854,trial/207/July 13/Vocals/HFC_8_30.wav
207,2000-07-13,Post-calving,200.9611133003735,1819.844981303461,65.23668639053254,1754.6082949129286,-0.279117152094841,0.004343775799497962,0.2772083356976509,22661,1.7414965986394557,-165021800.0,22050.0,4291.586138839004,0.028966013,trial/207/July 13/Vocals/HFC_2_11_10.wav
207,2000-07-13,Post-calving,206.5816517682069,1231.7531593109518,66.36732118777857,1165.3858381231732,-0.2079205922782421,-0.0002275304213981144,0.20026958361268044,20015,2.1130158730158732,-264798160.0,22049.999999999996,4196.512388703482,0.01885381,"trial/207/July 13/Vocals/HFC_8,10.wav"
207,2000-07-13,Post-calving,266.19329225706207,2042.0098459383319,67.5637077702591,1974.4461381680728,-0.2548646107316017,0.0013354559196159244,0.22437899932265282,25710,1.7182766439909296,-472957700.0,22050.0,4250.978282100889,0.017538134,trial/207/July 13/Vocals/HFC_8_50.wav
207,2000-07-13,Post-calving,234.7819223736212,1822.0972555446751,65.91582141855396,1756.181434126121,-0.23327989503741264,0.0028727479511871934,0.2127140909433365,29927,2.2987755102040817,-603979800.0,22050.0,4283.340577282568,0.024283757,trial/207/July 13/Vocals/HFC_9_10.wav
207,2000-07-13,Post-calving,262.83299415161287,1262.2817346878687,83.58064268220886,1178.7010920056598,-0.22303558513522148,0.001570576976519078,0.2236708328127861,18019,1.3699773242630386,191681580.0,22050.0,4307.833990632951,0.02157974,"trial/207/July 13/Vocals/HFC_7,30.wav"
207,2000-07-13,Post-calving,241.49032514611187,1746.8139281469082,72.3213514892243,1674.492576657684,-0.36098912358283997,0.004659578669816256,0.3583134785294533,17369,1.4164172335600906,818728100.0,22050.0,4278.107433094744,0.018730573,trial/207/July 13/Vocals/HFC_10_30.wav
207,2000-07-13,Post-calving,341.30777585472185,2205.0,69.0685275147669,2135.931472485233,-0.16737256944179535,0.0007091436418704689,0.16598130017518997,39788,2.995374149659864,-1014744960.0,22050.0,4192.9367049853445,0.033002988,trial/207/July 13/Vocals/HFC_9_30.wav
207,2000-07-13,Post-calving,218.50980528945232,1465.808514186876,65.84750206950393,1399.961012117372,-0.3125637248158455,0.0013152561150491238,0.3219665214419365,16737,1.3235374149659864,510027360.0,22050.0,4295.264838545301,0.018988762,trial/207/July 13/Vocals/HFC_10_10.wav
207,2000-07-13,Post-calving,243.4650006034747,1800.9395483979308,76.69932005159009,1724.2402283463407,-0.35880883038043976,0.0010836123256012797,0.3666161745786667,16573,1.555736961451247,-2213560000.0,22050.0,4338.879956811521,0.016555063,trial/207/July 13/Vocals/HFC_2_9_50.wav
207,2000-07-13,Post-calving,328.9231930826074,2205.0,65.23668639053254,2139.7633136094673,-0.23923921585083008,3.088484663749114e-05,0.24357710406184196,25006,1.8343764172335602,3688069600.0,22050.0,4205.552365126446,0.023698058,trial/207/July 13/Vocals/HFC_9_50.wav
207,2000-07-14,Post-calving,234.13893457649127,679.297111414934,70.48319800869497,608.813913406239,-0.21050706878304482,0.0012607675162144005,0.21039757132530212,28353,1.9736961451247166,470453900.0,22050.0,4269.9084123182165,0.02725258,"trial/207/July 14/Vocals/HFC_7,50.wav"
207,2000-07-14,Post-calving,221.5285094729962,665.1374034388523,68.97502626825514,596.1623771705972,-0.27991243451833725,-4.775029765369254e-06,0.2716764286160469,25331,1.6950566893424037,-399914020.0,22050.0,4281.899376712148,0.022730421,trial/207/July 14/Vocals/HFC_1_9_50.wav
207,2000-07-14,Post-calving,290.9642490331884,2205.0,66.87525465266665,2138.1247453473334,-0.17501240968704224,0.0013281446299515665,0.16920819506049156,70749,4.458231292517007,-393619940.0,22050.0,4156.366968483755,0.0676496,trial/207/July 14/Vocals/HFC_1_8_10.wav
207,2000-07-14,Post-calving,303.8667842864826,2205.0,65.23668639053254,2139.7633136094673,-0.25840113312005997,0.0009962840704247355,0.25866421312093735,16205,1.6950566893424037,-349924800.0,22050.0,4085.2000784911206,0.033344854,trial/207/July 14/Vocals/HFC_8_30.wav
207,2000-07-14,Post-calving,200.9611133003735,1819.844981303461,65.23668639053254,1754.6082949129286,-0.279117152094841,0.004343775799497962,0.2772083356976509,22661,1.7414965986394557,-165021800.0,22050.0,4291.586138839004,0.028966013,trial/207/July 14/Vocals/HFC_2_11_10.wav
207,2000-07-14,Post-calving,294.48833540994184,2205.0,70.04220967082075,2134.9577903291793,-0.24203147739171982,-0.001572433568071574,0.24964749440550804,30539,1.9040362811791383,-193085140.0,22050.0,4200.9820976450965,0.024600696,trial/207/July 14/Vocals/HFC_2_8_50.wav
207,2000-07-14,Post-calving,220.42099398395712,2090.4689092548388,65.48857634687334,2024.9803329079655,-0.1952511891722679,-0.00010480389028089121,0.19554723054170609,38237,2.670294784580499,-262166270.0,22050.0,4323.878448056428,0.016728308,trial/207/July 14/Vocals/HFC_2_9_10.wav
207,2000-07-14,Post-calving,206.5816517682069,1231.7531593109518,66.36732118777857,1165.3858381231732,-0.2079205922782421,-0.0002275304213981144,0.20026958361268044,20015,2.1130158730158732,-264798160.0,22049.999999999996,4196.512388703482,0.01885381,"trial/207/July 14/Vocals/HFC_8,10.wav"
207,2000-07-14,Post-calving,276.8240690201581,2205.0,65.64437864402541,2139.3556213559746,-0.1865394040942192,0.0009727609576657414,0.1857442446053028,89574,9.566621315192744,-627046900.0,22050.0,4182.275500430984,0.054064356,"trial/207/July 14/Vocals/HFC_2_7,30.wav"
207,2000-07-14,Post-calving,259.88823334597873,2012.6728002235102,76.60007158896246,1936.0727286345477,-0.34704823046922684,-0.004768730839714408,0.3417869433760643,18888,1.253877551020408,147913400.0,22050.0,4192.9271697975,0.02715323,trial/207/July 14/Vocals/HFC_1_10_10.wav
207,2000-07-14,Post-calving,266.19329225706207,2042.0098459383319,67.5637077702591,1974.4461381680728,-0.2548646107316017,0.0013354559196159244,0.22437899932265282,25710,1.7182766439909296,-472957700.0,22050.0,4250.978282100889,0.017538134,trial/207/July 14/Vocals/HFC_8_50.wav
207,2000-07-14,Post-calving,234.7819223736212,1822.0972555446751,65.91582141855396,1756.181434126121,-0.23327989503741264,0.0028727479511871934,0.2127140909433365,29927,2.2987755102040817,-603979800.0,22050.0,4283.340577282568,0.024283757,trial/207/July 14/Vocals/HFC_9_10.wav
207,2000-07-14,Post-calving,262.83299415161287,1262.2817346878687,83.58064268220886,1178.7010920056598,-0.22303558513522148,0.001570576976519078,0.2236708328127861,18019,1.3699773242630386,191681580.0,22050.0,4307.833990632951,0.02157974,"trial/207/July 14/Vocals/HFC_7,30.wav"
207,2000-07-14,Post-calving,240.16749116703517,1259.8609581707576,65.23668639053254,1194.6242717802252,-0.18467354774475098,-0.0006737432559020817,0.17939753085374832,36014,2.5309750566893423,-225072800.0,22050.0,4281.05200723307,0.021578684,trial/207/July 14/Vocals/HFC_1_9_30.wav
207,2000-07-14,Post-calving,208.56791927124024,1168.4717324726746,73.04618018798053,1095.425552284694,-0.22190801426768303,0.005746085429564118,0.21991123631596565,31398,2.020136054421769,-402653150.0,22050.0,4165.483799842656,0.030538922,trial/207/July 14/Vocals/HFC_2_8_30.wav
207,2000-07-14,Post-calving,241.49032514611187,1746.8139281469082,72.3213514892243,1674.492576657684,-0.36098912358283997,0.004659578669816256,0.3583134785294533,17369,1.4164172335600906,818728100.0,22050.0,4278.107433094744,0.018730573,trial/207/July 14/Vocals/HFC_10_30.wav
207,2000-07-14,Post-calving,341.30777585472185,2205.0,69.0685275147669,2135.931472485233,-0.16737256944179535,0.0007091436418704689,0.16598130017518997,39788,2.995374149659864,-1014744960.0,22050.0,4192.9367049853445,0.033002988,trial/207/July 14/Vocals/HFC_9_30.wav
207,2000-07-14,Post-calving,177.4434009337642,1996.0758443125799,66.42167166466591,1929.654172647914,-0.21731839329004288,-0.004552486352622509,0.21963804215192795,31765,2.089795918367347,-211922740.0,22049.999999999996,4362.0689115050145,0.009823555,trial/207/July 14/Vocals/HFC_1_10_30.wav
207,2000-07-14,Post-calving,218.980836438715,1809.1643781842708,67.43062082146463,1741.7337573628063,-0.2483912818133831,-0.002065630746074021,0.24298010021448135,47661,2.786394557823129,-671088600.0,22050.0,4166.913517504037,0.0194194,trial/207/July 14/Vocals/HFC_2_7_50.wav
207,2000-07-14,Post-calving,369.6872844626897,1802.394468609186,91.60996932212318,1710.784499287063,-0.2109847478568554,-0.0002126359540852718,0.2149057649075985,21666,1.8808163265306121,243111360.0,22050.0,4200.631658088885,0.028487993,"trial/207/July 14/Vocals/HFC_1_7,30.wav"
207,2000-07-14,Post-calving,285.68631876810775,2205.0,65.23668639053254,2139.7633136094673,-0.20684003829956055,-0.0022380860755220056,0.20956571772694588,30423,2.345215419501134,1322535600.0,22050.0,4146.023321032187,0.027612267,trial/207/July 14/Vocals/HFC_1_8_50.wav
207,2000-07-14,Post-calving,272.0442983830793,2030.133886075089,67.42817715097001,1962.705708924119,-0.20106031745672226,0.00019631428585853428,0.19024915248155594,29207,2.089795918367347,-2013265800.0,22049.999999999996,4296.397163977313,0.015892101,trial/207/July 14/Vocals/HFC_1_9_10.wav
207,2000-07-14,Post-calving,218.50980528945232,1465.808514186876,65.84750206950393,1399.961012117372,-0.3125637248158455,0.0013152561150491238,0.3219665214419365,16737,1.3235374149659864,510027360.0,22050.0,4295.264838545301,0.018988762,trial/207/July 14/Vocals/HFC_10_10.wav
207,2000-07-14,Post-calving,243.4650006034747,1800.9395483979308,76.69932005159009,1724.2402283463407,-0.35880883038043976,0.0010836123256012797,0.3666161745786667,16573,1.555736961451247,-2213560000.0,22050.0,4338.879956811521,0.016555063,trial/207/July 14/Vocals/HFC_2_9_50.wav
207,2000-07-14,Post-calving,147.44232773630716,1619.0932078631781,66.66988571690972,1552.4233221462684,-0.23374543339014053,-0.001659176719840616,0.23093827441334724,47238,2.5774149659863945,1241513900.0,22050.0,4175.631546258701,0.014381669,trial/207/July 14/Vocals/HFC_2_8_10.wav
207,2000-07-14,Post-calving,330.71463279076545,1822.7360177489145,66.83657193106532,1755.8994458178493,-0.2347560152411461,0.0007443723734468222,0.2311074435710907,28684,2.043356009070295,705143900.0,22050.0,4231.822054218792,0.03284604,trial/207/July 14/Vocals/HFC_1_8_30.wav
207,2000-07-14,Post-calving,328.9231930826074,2205.0,65.23668639053254,2139.7633136094673,-0.23923921585083008,3.088484663749114e-05,0.24357710406184196,25006,1.8343764172335602,3688069600.0,22050.0,4205.552365126446,0.023698058,trial/207/July 14/Vocals/HFC_9_50.wav
207,2000-07-14,Post-calving,463.9401952531412,1997.593243636081,65.45839701931159,1932.1348466167694,-0.26330625265836716,0.0008783661760389805,0.2559262588620186,26308,1.9040362811791383,957030800.0,22050.0,4217.333242415143,0.015991347,trial/207/July 14/Vocals/HFC_1_11_10.wav
207,2000-07-14,Post-calving,219.42867646294744,2205.0,72.6945951071763,2132.305404892824,-0.17131832987070084,-0.0017173747182823718,0.16629469394683838,27502,1.8808163265306121,186237890.0,22050.0,4248.59993838942,0.020555813,"trial/207/July 14/Vocals/HFC_1_7,50.wav"
207,2000-07-14,Post-calving,262.5441875724904,2205.0,65.96772738124096,2139.032272618759,-0.22662922367453575,0.0037799153942614794,0.2128976210951805,18720,1.787936507936508,-303963680.0,22050.0,4223.055768233435,0.02605146,trial/207/July 14/Vocals/HFC_2_9_30.wav
207,2000-07-18,Post-calving,211.66120628427595,1671.8832904773649,72.55133459713451,1599.3319558802305,-0.6006589233875275,-0.014248295221477747,0.5875170826911926,16131,1.0913378684807256,406982800.0,22050.0,4071.706828083499,0.009705274,"trial/207/July 18/Vocals/LFC_1_7,50.wav"
207,2000-07-18,Post-calving,325.63616222521426,1472.324185320787,65.4012154556885,1406.9229698650984,-0.41679413616657257,0.009162508882582188,0.46226923912763596,27393,1.4396371882086167,308203680.0,22050.0,3859.6456956548723,0.0561126,"trial/207/July 18/Vocals/LFC_1_7,30.wav"
207,2000-07-18,Post-calving,185.29044478183607,2205.0,67.89423250975993,2137.10576749024,-0.42181266099214554,0.005185780115425587,0.45963217318058014,19781,1.207437641723356,332348670.0,22050.0,4297.172677469899,0.007105021,trial/207/July 18/Vocals/LFC_2_8_10.wav
207,2000-07-18,Post-calving,132.07519336727955,1036.5794659746848,65.67919301651335,970.9002729581714,-0.5510943233966827,-0.007848520763218403,0.5410927534103394,13040,1.0216780045351475,176285970.0,22050.0,4186.127766132184,0.011432802,trial/207/July 18/Vocals/LFC_1_9_30.wav
207,2000-07-18,Post-calving,143.95434366888412,1875.4911654322557,65.51371310776912,1809.9774523244866,-0.5066212713718414,-0.0003011932858498767,0.49378205835819244,16108,0.9752380952380952,104877100.0,22050.0,4038.808160968408,0.014161541,trial/207/July 18/Vocals/LFC_1_8_10.wav
207,2000-07-18,Post-calving,210.0058249107674,1612.7373310266196,68.51445667730309,1544.2228743493165,-0.5358175933361053,-0.0010861485498026013,0.5308724343776703,23643,1.6950566893424037,225888030.0,22050.0,3796.662582239548,0.017391188,"trial/207/July 18/Vocals/LFC_2_7,30.wav"
207,2000-07-11,Pre-calving,226.60464610240783,299.4382592430366,73.27455370477452,226.1637055382621,-0.5971654206514359,-0.002747427555732429,0.5686678886413574,32469,1.7647165532879818,-153391700.0,22050.0,4448.403416986839,0.009019742,trial/207/July 11/Vocals/HFC_09.45.wav
207,2000-07-11,Pre-calving,210.57786879954202,1973.6009679847818,65.23668639053254,1908.3642815942494,-0.5343525856733322,0.004826320800930262,0.5409979969263077,31691,1.8343764172335602,-220900020.0,22050.0,4424.780426760095,0.013510321,trial/207/July 11/Vocals/HFC_11.30.wav
207,2000-07-11,Pre-calving,286.9031029973111,737.5539256386467,78.49314641708382,659.0607792215628,-0.6207469403743744,0.003571696113795042,0.6219589114189148,28306,1.6950566893424037,-227858000.0,22050.0,4532.23826883178,0.00869036,trial/207/July 11/Vocals/HFC_08.15.wav
207,2000-07-11,Pre-calving,225.37668065828427,264.80334681208035,76.99152632043246,187.8118204916479,-0.5249698013067245,-0.018444734625518322,0.5390766113996506,22672,1.207437641723356,-124630744.0,22050.0,4412.122141260619,0.016768707,trial/207/July 11/Vocals/HFC_08.00_2.wav
207,2000-07-11,Pre-calving,278.20442268385875,691.7508987259927,71.12241513748017,620.6284835885125,-0.5515695363283157,-0.0052793873474001884,0.553773432970047,38751,1.9969160997732427,153902990.0,22050.0,4469.013198574456,0.0077446946,trial/207/July 11/Vocals/HFC_08.45_2.wav
207,2000-07-11,Pre-calving,223.25657834416813,2030.8202467487943,70.12581277056849,1960.6944339782258,-0.40731238573789597,0.003058762405999005,0.421037420630455,16842,1.486077097505669,-592409300.0,22050.0,4398.2897558484965,0.020267872,trial/207/July 11/Vocals/HFC_09.00_2.wav
207,2000-07-11,Pre-calving,251.56746174807446,989.8017683930375,198.64466085642405,791.1571075366135,-0.5322347581386566,0.010828904341906309,0.5312099754810333,33955,1.9040362811791383,2445745000.0,22050.0,4418.281003010603,0.008940851,trial/207/July 11/Vocals/HFC_09.45_2.wav
207,2000-07-11,Pre-calving,253.1355922934587,1122.3821915667688,103.29346560051496,1019.0887259662538,-0.5270432382822037,-0.013026192784309387,0.510530635714531,35888,2.136235827664399,837154600.0,22050.000000000004,4542.476005573641,0.010074187,trial/207/July 11/Vocals/HFC_07.45.wav
207,2000-07-11,Pre-calving,236.6203368731958,462.9353361324687,65.23668639053254,397.69864974193615,-0.5785346180200577,0.007549243746325374,0.5908868759870529,28175,1.486077097505669,-102261130.0,22050.0,4317.756798632775,0.0069721146,trial/207/July 11/Vocals/HFC_11.15_1.wav
207,2000-07-11,Pre-calving,250.49662664684936,1556.2180649582194,81.47082518403013,1474.7472397741892,-0.5162258297204971,-0.0005873158515896648,0.4901558458805084,23092,1.4164172335600906,-334174720.0,22050.0,4294.302171337382,0.0046307663,trial/207/July 11/Vocals/HFC_10.15_1.wav
207,2000-07-11,Pre-calving,243.58608324680444,1230.3177482417939,75.68028844308726,1154.6374597987067,-0.5535062104463577,-0.007689478108659387,0.5665423274040222,15374,1.4164172335600906,-165399630.0,22050.0,4485.268471053721,0.0065913554,trial/207/July 11/Vocals/HFC_08.00.wav
207,2000-07-11,Pre-calving,218.6074973647782,401.9689458298443,72.06939578982698,329.8995500400173,-0.506004199385643,0.000550638185814023,0.5474123060703278,22557,1.2770975056689342,93442730.0,22050.0,4306.16459897433,0.013067209,trial/207/July 11/Vocals/HFC_09.45_1.wav
207,2000-07-11,Pre-calving,290.9928406361979,787.8219795125483,74.24527204794273,713.5767074646055,-0.619915097951889,-0.02218335773795843,0.5751936584711075,20892,1.6950566893424037,-2177309400.0,22050.0,4372.743782268922,0.0025199049,trial/207/July 11/Vocals/HFC_09.00_1.wav
207,2000-07-11,Pre-calving,259.3463682377279,725.4085936106028,94.91724987575468,630.4913437348481,-0.49364130198955536,-0.003961645532399416,0.5283845961093903,34965,1.8343764172335602,96392730.0,22050.0,4460.311785605752,0.012149258,trial/207/July 11/Vocals/HFC_08.45_1.wav
207,2000-07-11,Pre-calving,295.99868292001855,362.93722858413906,238.27454062479623,124.66268795934283,-0.5468159914016724,0.003176361322402954,0.5528744459152222,26645,1.8343764172335602,3534400300.0,22050.0,4477.042765167845,0.004184691,trial/207/July 11/Vocals/HFC_08.00_1.wav
207,2000-07-11,Pre-calving,265.90710115768377,482.0539036170788,118.8774814500557,363.1764221670231,-0.5448220819234848,0.0077724510338157415,0.548063263297081,29302,1.6253968253968254,93484984.0,22050.0,4382.307185586119,0.006447651,trial/207/July 11/Vocals/HFC_10.15_2.wav
207,2000-07-11,Pre-calving,262.1141811529123,2020.6204638592244,106.10279125452587,1914.5176726046984,-0.5244524925947189,-0.0026605083839967847,0.5209366977214813,26006,1.555736961451247,-103960540.0,22050.0,4393.647660416149,0.003069749,trial/207/July 11/Vocals/HFC_11.15_2.wav
207,2000-07-11,Pre-calving,230.2259289827536,289.45051044837385,70.86006272913225,218.59044771924158,-0.5719070136547089,-0.05327457934617996,0.5128636062145233,22649,1.9272562358276644,-90661820.0,22050.0,4328.336560251639,0.012882476,trial/207/July 11/Vocals/HFC_09.30.wav
207,2000-07-11,Pre-calving,224.4293841591823,655.0460655981907,68.07176662536102,586.9742989728297,-0.575222983956337,-0.0031209300504997373,0.5420818030834198,37271,1.9504761904761905,663193540.0,22050.0,4449.973594785032,0.0066476283,trial/207/July 11/Vocals/HFC_10.30_2.wav
207,2000-07-11,Pre-calving,191.95559724072646,1044.4988477470454,80.65929997685312,963.8395477701922,-0.43650684505701065,0.010865889955312014,0.49535731226205826,15916,1.6253968253968254,-208783120.0,22050.0,4192.808992685013,0.016386723,trial/207/July 11/Vocals/HFC_11.30_2.wav
207,2000-07-11,Pre-calving,230.6382854203283,537.8669361831168,67.7942001860811,470.0727359970357,-0.5330357551574707,-0.016281481832265854,0.3931143805384636,18936,1.3467573696145125,94934490.0,22050.0,4379.259713159664,0.016377049,trial/207/July 11/Vocals/HFC_11.30_1.wav
207,2000-07-11,Pre-calving,212.75129346012378,1886.849910719803,71.83396382550288,1815.0159468943,-0.4213181436061859,-0.002025376074016094,0.4121896028518677,24152,1.6253968253968254,-1174405100.0,22050.0,4272.423467939927,0.007861603,trial/207/July 11/Vocals/HFC_10.30_1.wav
207,2000-07-11,Pre-calving,150.4051509248069,367.6722127062236,67.09598737994679,300.5762253262768,-0.5765781551599503,-0.007652816129848361,0.5551824569702148,14561,1.3699773242630386,-268435460.0,22050.0,4297.323234712492,0.022407012,trial/207/July 11/Vocals/HFC_10.00.wav
207,2000-07-11,Pre-calving,255.9752607592935,1968.9600956345928,70.13920763773297,1898.8208879968597,-0.47951169312000275,-0.002348913112655282,0.45523684471845627,23673,1.3467573696145125,185348320.0,22050.0,4371.148909905806,0.010476302,trial/207/July 11/Vocals/HFC_10.15.wav
207,2000-07-11,Pre-calving,232.24394786689248,424.1679368323016,198.18533089472857,225.98260593757306,-0.41167423874139786,-0.0325500164180994,0.36617305129766464,6237,0.603718820861678,-234599060.0,22050.0,4316.525731092633,0.0090561565,trial/207/July 11/Vocals/HFC_08.45.wav
207,2000-07-11,Pre-calving,246.5221327092539,303.38695012269113,71.95268583147015,231.43426429122098,-0.5271158814430237,0.003947856370359659,0.5253914296627045,30923,1.7414965986394557,324720320.0,22050.0,4453.362151774905,0.012455075,trial/207/July 11/Vocals/HFC_09.30_2.wav
207,2000-07-11,Pre-calving,282.49221190199523,2018.7554509024585,72.8285807220582,1945.9268701804003,-0.62537781894207,-0.003463436965830624,0.5919497907161713,15292,1.6486167800453515,113784584.0,22050.0,4493.322349156301,0.0025622523,trial/207/July 11/Vocals/HFC_08.30_2.wav
207,2000-07-11,Pre-calving,249.12657968192565,586.8597022263419,100.3213578440113,486.53834438233065,-0.5601900964975357,-0.023307940922677517,0.5470118522644043,23843,1.4164172335600906,818728100.0,22050.0,4414.638908589976,0.003218337,trial/207/July 11/Vocals/HFC_10.30.wav
207,2000-07-11,Pre-calving,205.98774464642395,441.1709398329942,65.86839187998855,375.3025479530056,-0.41537395864725113,0.0051424624398350716,0.43045351654291153,18040,1.6486167800453515,-137114510.0,22050.0,4370.6429244996825,0.011948336,trial/207/July 11/Vocals/HFC_08.30_1.wav
207,2000-07-11,Pre-calving,220.97953928465807,540.2974781508186,73.13822829281177,467.15924985800683,-0.5934390127658844,-0.016116893850266933,0.5852062851190567,32755,1.787936507936508,-688984300.0,22050.0,4448.217476708923,0.015325461,trial/207/July 11/Vocals/HFC_09.30_1.wav
207,2000-07-11,Pre-calving,194.45425779139197,315.678041326108,74.92224894206232,240.75579238404566,-0.43383321911096573,0.008967722300440073,0.47276776283979416,21160,1.3699773242630386,395942300.0,22050.0,4289.756824296155,0.02434931,trial/207/July 11/Vocals/HFC_09.00.wav
207,2000-07-11,Pre-calving,250.45084026257763,494.5534673532687,116.17334884406588,378.3801185092028,-0.5038952976465225,0.0001967049902305007,0.5294104069471359,24222,1.3699773242630386,67682450.0,22050.0,4398.71426839061,0.007895461,trial/207/July 11/Vocals/HFC_09.15.wav
207,2000-07-11,Pre-calving,193.10964575588815,297.59528780614363,66.49494164979006,231.10034615635357,-0.5624943971633911,0.011636415030807257,0.5614788681268692,28709,1.6950566893424037,159315340.0,22050.0,4405.7861925883735,0.003210416,trial/207/July 11/Vocals/HFC_11.00_2.wav
207,2000-07-11,Pre-calving,225.79864003314447,1204.1383913366894,67.33004962872714,1136.8083417079622,-0.5551174134016037,0.0003111195546807721,0.5495988875627518,24622,1.6253968253968254,-153705380.0,22050.0,4364.877612834357,0.004713449,trial/207/July 11/Vocals/HFC_10.45_2.wav
207,2000-07-11,Pre-calving,173.4111287434344,1389.5594643856593,65.23668639053254,1324.322777995127,-0.5537249147891998,-0.0035082907415926456,0.5571082532405853,30819,1.6486167800453515,-70588580.0,22050.0,4350.4487895280545,0.008994825,trial/207/July 11/Vocals/HFC_10.00_2.wav
207,2000-07-11,Pre-calving,287.9357376034413,607.5907528444493,69.90150125543276,537.6892515890165,-0.5998043864965439,-0.02316813450306654,0.5690400153398514,24800,1.4164172335600906,-156320400.0,22050.0,4346.8755049473275,0.0156096155,trial/207/July 11/Vocals/HFC_08.15_1.wav
207,2000-07-11,Pre-calving,239.266959480697,1983.8766099073468,71.19810431911415,1912.6785055882326,-0.3825114071369171,0.010555158834904432,0.4118758291006088,17698,1.4164172335600906,-255852560.0,22050.0,4346.966451848363,0.007904597,trial/207/July 11/Vocals/HFC_09.15_1.wav
207,2000-07-11,Pre-calving,270.9346928871452,1968.53345743864,67.46720428197597,1901.066253156664,-0.5002232789993286,-0.006944023538380861,0.4786016717553139,19322,1.7647165532879818,971480700.0,22050.0,4446.759854907333,0.012771265,trial/207/July 11/Vocals/HFC_10.45.wav
207,2000-07-11,Pre-calving,268.50450601409756,2205.0,75.7795642045445,2129.2204357954556,-0.5708003044128418,-0.005584119586274028,0.5777479559183121,16188,1.5789569160997732,304226800.0,22050.0,4407.476302580403,0.0026963267,trial/207/July 11/Vocals/HFC_10.00_1.wav
207,2000-07-11,Pre-calving,213.4478963660652,560.9395976415522,65.44563451425805,495.49396312729414,-0.5045815259218216,-0.017651098780333996,0.5065302550792694,29897,1.6950566893424037,72176020.0,22050.0,4418.478158980069,0.010791391,trial/207/July 11/Vocals/HFC_10.45_1.wav
207,2000-07-11,Pre-calving,194.89489349083928,1830.99689003496,65.23668639053254,1765.7602036444275,-0.45621971786022186,-0.00391107564792037,0.4405375272035599,25857,1.8575963718820863,-447392420.0,22050.0,4332.360079821746,0.0072161756,trial/207/July 11/Vocals/HFC_11.00_1.wav
207,2000-07-11,Pre-calving,277.2441088960542,1511.5195308955037,119.36080244393213,1392.1587284515717,-0.5673431903123856,-0.02046136185526848,0.5221399962902069,31461,1.6718367346938776,-324829500.0,22050.0,4507.802061881702,0.0062370393,trial/207/July 11/Vocals/HFC_08.30.wav
207,2000-07-11,Pre-calving,278.8719837647873,1483.18291221211,174.9671560985521,1308.215756113558,-0.49500542134046555,0.004941495601087809,0.5246900767087936,25948,1.555736961451247,98279650.0,22050.0,4426.582726911254,0.006335057,trial/207/July 11/Vocals/HFC_09.15_2.wav
207,2000-07-11,Pre-calving,274.9234317453263,1968.7496148088085,66.07741805074558,1902.672196758063,-0.44114992767572403,-0.0046229802537709475,0.4485190063714981,29463,1.7647165532879818,-117925410.0,22050.0,4454.372974657394,0.01494351,trial/207/July 11/Vocals/HFC_08.15_2.wav
207,2000-07-11,Pre-calving,184.91856616270533,400.3391491038167,67.7602915768408,332.57885752697587,-0.4363853558897972,0.0005891052715014666,0.4312993511557579,17366,1.7647165532879818,188899040.0,22050.0,4324.30562582328,0.0122077055,trial/207/July 11/Vocals/HFC_11.15.wav
207,2000-07-11,Pre-calving,257.2269924337645,481.9209508180022,211.32874390349093,270.5922069145113,-0.5634803026914597,-0.0210521062836051,0.4869288131594658,30457,1.7182766439909296,845286000.0,22050.0,4461.288940482283,0.010325403,trial/207/July 11/Vocals/HFC_11.00.wav
207,2000-07-16,Post-calving,246.8887769629712,1486.4637274044967,66.3306006034567,1420.13312680104,-0.5450465083122253,6.49422399874311e-05,0.53981713950634,25283,1.6021768707482993,2116805400.0,22050.0,3965.93282073128,0.008406249,trial/207/July 16/Vocals/LFC_2_9_30.wav
207,2000-07-16,Post-calving,207.12899606770952,2205.0,65.64844890892991,2139.35155109107,-0.5242671817541122,0.008882138878107071,0.5348723381757736,17168,1.18421768707483,259837890.0,22050.0,4222.569358263925,0.014812519,trial/207/July 16/Vocals/LFC_8_10.wav
207,2000-07-16,Post-calving,185.29044478183607,2205.0,67.89423250975993,2137.10576749024,-0.42181266099214554,0.005185780115425587,0.45963217318058014,19781,1.207437641723356,332348670.0,22050.0,4297.172677469899,0.007105021,trial/207/July 16/Vocals/LFC_2_8_10.wav
207,2000-07-16,Post-calving,301.0506207482332,1979.6675190043718,66.63499506667829,1913.0325239376934,-0.5216769725084305,-0.0013306145556271076,0.5269450694322586,7931,1.6021768707482993,330750820.0,22050.0,3839.56500782282,0.029583598,trial/207/July 16/Vocals/LFC_8_30.wav
207,2000-07-16,Post-calving,242.09867353445287,1125.331793420463,67.66313598317636,1057.6686574372868,-0.3861842006444931,0.0001082786257029511,0.38240500539541245,21000,1.3003174603174603,-79117820.0,22050.0,3724.180433646895,0.0057008183,"trial/207/July 16/Vocals/LFC_7,50.wav"
207,2000-07-16,Post-calving,132.07519336727955,1036.5794659746848,65.67919301651335,970.9002729581714,-0.5510943233966827,-0.007848520763218403,0.5410927534103394,13040,1.0216780045351475,176285970.0,22050.0,4186.127766132184,0.011432802,trial/207/July 16/Vocals/LFC_1_9_30.wav
207,2000-07-16,Post-calving,116.399899589812,2000.6725728474019,67.68462562128919,1932.9879472261127,-0.5375370383262634,0.019749244675040245,0.5938208997249603,19407,1.3467573696145125,349870940.0,22050.0,4055.3113866097574,0.009611479,trial/207/July 16/Vocals/LFC_2_8_30.wav
207,2000-07-16,Post-calving,425.8799597865839,2205.0,66.40482176747074,2138.595178232529,-0.5031100362539291,0.0008331951394211501,0.5100022852420807,9739,1.4628571428571429,-163001760.0,22050.0,4056.16906152427,0.020021431,"trial/207/July 16/Vocals/LFC_7,30.wav"
207,2000-07-16,Post-calving,319.00388507356996,2205.0,66.61918592077669,2138.3808140792235,-0.4226698651909828,0.004958387929946184,0.45807014405727386,13685,1.8343764172335602,-2292583700.0,22050.0,4057.709390209723,0.02386612,trial/207/July 16/Vocals/LFC_2_8_50.wav
207,2000-07-16,Post-calving,210.0058249107674,1612.7373310266196,68.51445667730309,1544.2228743493165,-0.5358175933361053,-0.0010861485498026013,0.5308724343776703,23643,1.6950566893424037,225888030.0,22050.0,3796.662582239548,0.017391188,"trial/207/July 16/Vocals/LFC_2_7,30.wav"
207,2000-07-17,Post-calving,205.94336503120317,2205.0,67.61066872567834,2137.3893312743216,-0.47187639772892,0.004094590665772557,0.5232584029436111,10563,1.230657596371882,-226726340.0,22050.0,4168.404910731509,0.010099135,trial/207/July 17/Vocals/LFC_1_8_30.wav
207,2000-07-17,Post-calving,211.66120628427595,1671.8832904773649,72.55133459713451,1599.3319558802305,-0.6006589233875275,-0.014248295221477747,0.5875170826911926,16131,1.0913378684807256,406982800.0,22050.0,4071.706828083499,0.009705274,"trial/207/July 17/Vocals/LFC_1_7,50.wav"
207,2000-07-17,Post-calving,325.63616222521426,1472.324185320787,65.4012154556885,1406.9229698650984,-0.41679413616657257,0.009162508882582188,0.46226923912763596,27393,1.4396371882086167,308203680.0,22050.0,3859.6456956548723,0.0561126,"trial/207/July 17/Vocals/LFC_1_7,30.wav"
207,2000-07-17,Post-calving,252.51574968822186,2072.2245392375758,65.78798791084702,2006.4365513267287,-0.4235565587878227,3.9653863495914266e-05,0.42520128190517426,25718,1.787936507936508,126033720.0,22050.0,4184.859785625905,0.021711968,trial/207/July 17/Vocals/LFC_1_9_10.wav
207,2000-07-17,Post-calving,275.6428362721944,1837.6674537939607,65.8715901075437,1771.795863686417,-0.5051129311323166,0.006064571673050523,0.5494472980499268,20190,1.2770975056689342,126187580.0,22050.0,4353.173041997977,0.010087899,trial/207/July 17/Vocals/LFC_1_8_50.wav
207,2000-07-17,Post-calving,185.29044478183607,2205.0,67.89423250975993,2137.10576749024,-0.42181266099214554,0.005185780115425587,0.45963217318058014,19781,1.207437641723356,332348670.0,22050.0,4297.172677469899,0.007105021,trial/207/July 17/Vocals/LFC_2_8_10.wav
207,2000-07-17,Post-calving,132.07519336727955,1036.5794659746848,65.67919301651335,970.9002729581714,-0.5510943233966827,-0.007848520763218403,0.5410927534103394,13040,1.0216780045351475,176285970.0,22050.0,4186.127766132184,0.011432802,trial/207/July 17/Vocals/LFC_1_9_30.wav
207,2000-07-17,Post-calving,116.399899589812,2000.6725728474019,67.68462562128919,1932.9879472261127,-0.5375370383262634,0.019749244675040245,0.5938208997249603,19407,1.3467573696145125,349870940.0,22050.0,4055.3113866097574,0.009611479,trial/207/July 17/Vocals/LFC_2_8_30.wav
207,2000-07-17,Post-calving,143.95434366888412,1875.4911654322557,65.51371310776912,1809.9774523244866,-0.5066212713718414,-0.0003011932858498767,0.49378205835819244,16108,0.9752380952380952,104877100.0,22050.0,4038.808160968408,0.014161541,trial/207/July 17/Vocals/LFC_1_8_10.wav
207,2000-07-17,Post-calving,252.51574968822186,2072.2245392375758,65.78798791084702,2006.4365513267287,-0.4235565587878227,3.9653863495914266e-05,0.42520128190517426,25718,1.787936507936508,126033720.0,22050.0,4184.859785625905,0.021711968,trial/207/July 17/Vocals/LFC_2_9_10.wav
207,2000-07-17,Post-calving,319.00388507356996,2205.0,66.61918592077669,2138.3808140792235,-0.4226698651909828,0.004958387929946184,0.45807014405727386,13685,1.8343764172335602,-2292583700.0,22050.0,4057.709390209723,0.02386612,trial/207/July 17/Vocals/LFC_2_8_50.wav
207,2000-07-17,Post-calving,210.0058249107674,1612.7373310266196,68.51445667730309,1544.2228743493165,-0.5358175933361053,-0.0010861485498026013,0.5308724343776703,23643,1.6950566893424037,225888030.0,22050.0,3796.662582239548,0.017391188,"trial/207/July 17/Vocals/LFC_2_7,30.wav"
207,2000-07-10,Pre-calving,234.13893457649127,679.297111414934,70.48319800869497,608.813913406239,-0.21050706878304482,0.0012607675162144005,0.21039757132530212,28353,1.9736961451247166,470453900.0,22050.0,4269.9084123182165,0.02725258,"trial/207/July 10/Vocals/HFC_7,50.wav"
207,2000-07-10,Pre-calving,221.5285094729962,665.1374034388523,68.97502626825514,596.1623771705972,-0.27991243451833725,-4.775029765369254e-06,0.2716764286160469,25331,1.6950566893424037,-399914020.0,22050.0,4281.899376712148,0.022730421,trial/207/July 10/Vocals/HFC_1_9_50.wav
207,2000-07-10,Pre-calving,290.9642490331884,2205.0,66.87525465266665,2138.1247453473334,-0.17501240968704224,0.0013281446299515665,0.16920819506049156,70749,4.458231292517007,-393619940.0,22050.0,4156.366968483755,0.0676496,trial/207/July 10/Vocals/HFC_1_8_10.wav
207,2000-07-10,Pre-calving,303.8667842864826,2205.0,65.23668639053254,2139.7633136094673,-0.25840113312005997,0.0009962840704247355,0.25866421312093735,16205,1.6950566893424037,-349924800.0,22050.0,4085.2000784911206,0.033344854,trial/207/July 10/Vocals/HFC_8_30.wav
207,2000-07-10,Pre-calving,200.9611133003735,1819.844981303461,65.23668639053254,1754.6082949129286,-0.279117152094841,0.004343775799497962,0.2772083356976509,22661,1.7414965986394557,-165021800.0,22050.0,4291.586138839004,0.028966013,trial/207/July 10/Vocals/HFC_2_11_10.wav
207,2000-07-10,Pre-calving,294.48833540994184,2205.0,70.04220967082075,2134.9577903291793,-0.24203147739171982,-0.001572433568071574,0.24964749440550804,30539,1.9040362811791383,-193085140.0,22050.0,4200.9820976450965,0.024600696,trial/207/July 10/Vocals/HFC_2_8_50.wav
207,2000-07-10,Pre-calving,220.42099398395712,2090.4689092548388,65.48857634687334,2024.9803329079655,-0.1952511891722679,-0.00010480389028089121,0.19554723054170609,38237,2.670294784580499,-262166270.0,22050.0,4323.878448056428,0.016728308,trial/207/July 10/Vocals/HFC_2_9_10.wav
207,2000-07-10,Pre-calving,338.5738755203909,1775.1991424147768,67.72452044823365,1707.474621966543,-0.37808892875909805,-0.002084180945530534,0.3858395367860794,17762,1.1609977324263039,-688296000.0,22050.0,4393.46487195366,0.019328766,trial/207/July 10/Vocals/HFC_11_10.wav
207,2000-07-10,Pre-calving,209.27308887198132,1127.9950019325245,65.23668639053254,1062.758315541992,-0.35618530958890915,-0.0005146638141013682,0.3763640969991684,11865,1.1145578231292517,-189483860.0,22050.0,4373.771841199727,0.01745504,trial/207/July 10/Vocals/HFC_10_50.wav
207,2000-07-10,Pre-calving,206.5816517682069,1231.7531593109518,66.36732118777857,1165.3858381231732,-0.2079205922782421,-0.0002275304213981144,0.20026958361268044,20015,2.1130158730158732,-264798160.0,22049.999999999996,4196.512388703482,0.01885381,"trial/207/July 10/Vocals/HFC_8,10.wav"
207,2000-07-10,Pre-calving,276.8240690201581,2205.0,65.64437864402541,2139.3556213559746,-0.1865394040942192,0.0009727609576657414,0.1857442446053028,89574,9.566621315192744,-627046900.0,22050.0,4182.275500430984,0.054064356,"trial/207/July 10/Vocals/HFC_2_7,30.wav"
207,2000-07-10,Pre-calving,259.88823334597873,2012.6728002235102,76.60007158896246,1936.0727286345477,-0.34704823046922684,-0.004768730839714408,0.3417869433760643,18888,1.253877551020408,147913400.0,22050.0,4192.9271697975,0.02715323,trial/207/July 10/Vocals/HFC_1_10_10.wav
207,2000-07-10,Pre-calving,266.19329225706207,2042.0098459383319,67.5637077702591,1974.4461381680728,-0.2548646107316017,0.0013354559196159244,0.22437899932265282,25710,1.7182766439909296,-472957700.0,22050.0,4250.978282100889,0.017538134,trial/207/July 10/Vocals/HFC_8_50.wav
207,2000-07-10,Pre-calving,234.7819223736212,1822.0972555446751,65.91582141855396,1756.181434126121,-0.23327989503741264,0.0028727479511871934,0.2127140909433365,29927,2.2987755102040817,-603979800.0,22050.0,4283.340577282568,0.024283757,trial/207/July 10/Vocals/HFC_9_10.wav
207,2000-07-10,Pre-calving,262.83299415161287,1262.2817346878687,83.58064268220886,1178.7010920056598,-0.22303558513522148,0.001570576976519078,0.2236708328127861,18019,1.3699773242630386,191681580.0,22050.0,4307.833990632951,0.02157974,"trial/207/July 10/Vocals/HFC_7,30.wav"
207,2000-07-10,Pre-calving,240.16749116703517,1259.8609581707576,65.23668639053254,1194.6242717802252,-0.18467354774475098,-0.0006737432559020817,0.17939753085374832,36014,2.5309750566893423,-225072800.0,22050.0,4281.05200723307,0.021578684,trial/207/July 10/Vocals/HFC_1_9_30.wav
207,2000-07-10,Pre-calving,208.56791927124024,1168.4717324726746,73.04618018798053,1095.425552284694,-0.22190801426768303,0.005746085429564118,0.21991123631596565,31398,2.020136054421769,-402653150.0,22050.0,4165.483799842656,0.030538922,trial/207/July 10/Vocals/HFC_2_8_30.wav
207,2000-07-10,Pre-calving,241.49032514611187,1746.8139281469082,72.3213514892243,1674.492576657684,-0.36098912358283997,0.004659578669816256,0.3583134785294533,17369,1.4164172335600906,818728100.0,22050.0,4278.107433094744,0.018730573,trial/207/July 10/Vocals/HFC_10_30.wav
207,2000-07-10,Pre-calving,341.30777585472185,2205.0,69.0685275147669,2135.931472485233,-0.16737256944179535,0.0007091436418704689,0.16598130017518997,39788,2.995374149659864,-1014744960.0,22050.0,4192.9367049853445,0.033002988,trial/207/July 10/Vocals/HFC_9_30.wav
207,2000-07-10,Pre-calving,177.4434009337642,1996.0758443125799,66.42167166466591,1929.654172647914,-0.21731839329004288,-0.004552486352622509,0.21963804215192795,31765,2.089795918367347,-211922740.0,22049.999999999996,4362.0689115050145,0.009823555,trial/207/July 10/Vocals/HFC_1_10_30.wav
207,2000-07-10,Pre-calving,218.980836438715,1809.1643781842708,67.43062082146463,1741.7337573628063,-0.2483912818133831,-0.002065630746074021,0.24298010021448135,47661,2.786394557823129,-671088600.0,22050.0,4166.913517504037,0.0194194,trial/207/July 10/Vocals/HFC_2_7_50.wav
207,2000-07-10,Pre-calving,369.6872844626897,1802.394468609186,91.60996932212318,1710.784499287063,-0.2109847478568554,-0.0002126359540852718,0.2149057649075985,21666,1.8808163265306121,243111360.0,22050.0,4200.631658088885,0.028487993,"trial/207/July 10/Vocals/HFC_1_7,30.wav"
207,2000-07-10,Pre-calving,285.68631876810775,2205.0,65.23668639053254,2139.7633136094673,-0.20684003829956055,-0.0022380860755220056,0.20956571772694588,30423,2.345215419501134,1322535600.0,22050.0,4146.023321032187,0.027612267,trial/207/July 10/Vocals/HFC_1_8_50.wav
207,2000-07-10,Pre-calving,272.0442983830793,2030.133886075089,67.42817715097001,1962.705708924119,-0.20106031745672226,0.00019631428585853428,0.19024915248155594,29207,2.089795918367347,-2013265800.0,22049.999999999996,4296.397163977313,0.015892101,trial/207/July 10/Vocals/HFC_1_9_10.wav
207,2000-07-10,Pre-calving,218.50980528945232,1465.808514186876,65.84750206950393,1399.961012117372,-0.3125637248158455,0.0013152561150491238,0.3219665214419365,16737,1.3235374149659864,510027360.0,22050.0,4295.264838545301,0.018988762,trial/207/July 10/Vocals/HFC_10_10.wav
207,2000-07-10,Pre-calving,243.4650006034747,1800.9395483979308,76.69932005159009,1724.2402283463407,-0.35880883038043976,0.0010836123256012797,0.3666161745786667,16573,1.555736961451247,-2213560000.0,22050.0,4338.879956811521,0.016555063,trial/207/July 10/Vocals/HFC_2_9_50.wav
207,2000-07-10,Pre-calving,147.44232773630716,1619.0932078631781,66.66988571690972,1552.4233221462684,-0.23374543339014053,-0.001659176719840616,0.23093827441334724,47238,2.5774149659863945,1241513900.0,22050.0,4175.631546258701,0.014381669,trial/207/July 10/Vocals/HFC_2_8_10.wav
207,2000-07-10,Pre-calving,330.71463279076545,1822.7360177489145,66.83657193106532,1755.8994458178493,-0.2347560152411461,0.0007443723734468222,0.2311074435710907,28684,2.043356009070295,705143900.0,22050.0,4231.822054218792,0.03284604,trial/207/July 10/Vocals/HFC_1_8_30.wav
207,2000-07-10,Pre-calving,328.9231930826074,2205.0,65.23668639053254,2139.7633136094673,-0.23923921585083008,3.088484663749114e-05,0.24357710406184196,25006,1.8343764172335602,3688069600.0,22050.0,4205.552365126446,0.023698058,trial/207/July 10/Vocals/HFC_9_50.wav
207,2000-07-10,Pre-calving,463.9401952531412,1997.593243636081,65.45839701931159,1932.1348466167694,-0.26330625265836716,0.0008783661760389805,0.2559262588620186,26308,1.9040362811791383,957030800.0,22050.0,4217.333242415143,0.015991347,trial/207/July 10/Vocals/HFC_1_11_10.wav
207,2000-07-10,Pre-calving,219.42867646294744,2205.0,72.6945951071763,2132.305404892824,-0.17131832987070084,-0.0017173747182823718,0.16629469394683838,27502,1.8808163265306121,186237890.0,22050.0,4248.59993838942,0.020555813,"trial/207/July 10/Vocals/HFC_1_7,50.wav"
207,2000-07-10,Pre-calving,240.92240894177561,2205.0,74.03028614981137,2130.969713850189,-0.3758920505642891,-0.005646311212331057,0.3489339053630829,17005,1.1145578231292517,146419340.0,22050.0,4298.36040811644,0.017108638,trial/207/July 10/Vocals/HFC_11_30.wav
207,2000-07-10,Pre-calving,262.5441875724904,2205.0,65.96772738124096,2139.032272618759,-0.22662922367453575,0.0037799153942614794,0.2128976210951805,18720,1.787936507936508,-303963680.0,22050.0,4223.055768233435,0.02605146,trial/207/July 10/Vocals/HFC_2_9_30.wav
